symbol,lookback,timeframe,m_var,z_thresh,window,total_return,buy_and_hold_return,sharpe,sortino,alpha,beta,max_drawdown,win_rate,total_trades
DXCM,1Month,1Min,0.001,1.0,10,0.28709641168071265,-0.030802292263610198,2.353817059700036,2.8516489151672957,0.28180427228381866,0.16457850128924376,-0.06135457632908067,0.5096805421103582,3099
DXCM,1Month,1Min,0.001,1.0,20,0.2097064440866272,-0.030802292263610198,1.8510470817700109,2.1296021930323477,0.2042174651349139,0.17069994981828665,-0.07126799842230103,0.506364428945074,2867
DXCM,1Month,1Min,0.001,1.0,30,0.23740371028251128,-0.030802292263610198,2.0718469805425617,2.3481567280872127,0.23268328496004592,0.1467989534582379,-0.07445481501418165,0.506624953993375,2717
DXCM,1Month,1Min,0.001,1.5,10,0.21717173277629942,-0.030802292263610198,1.9430833736485873,2.1697542082463177,0.21212199220679978,0.15704021993742495,-0.055366252389133175,0.5067491563554556,2667
DXCM,1Month,1Min,0.001,1.5,20,0.2284071370777523,-0.030802292263610198,2.0958978025805037,2.163439965478854,0.22346719938182338,0.15362549651193672,-0.06031155784565854,0.5094097519247219,2338
DXCM,1Month,1Min,0.001,1.5,30,0.24444506099431274,-0.030802292263610198,2.249136434012294,2.258409149010041,0.23988006319591806,0.14196536404340387,-0.06254653447352017,0.509031959240389,2159
DXCM,1Month,1Min,0.001,2.0,10,0.20322426495328494,-0.030802292263610198,1.9529939231358864,2.040403007086676,0.1991744284856239,0.1259445313752259,-0.051091086510615356,0.5071283095723014,2209
DXCM,1Month,1Min,0.001,2.0,20,0.1636490105932742,-0.030802292263610198,1.6534396513581873,1.4945551043665461,0.15958539371433705,0.12637308384991974,-0.05642281714460366,0.5100192149327477,1821
DXCM,1Month,1Min,0.001,2.0,30,0.19716081660217055,-0.030802292263610198,1.9842259910471787,1.6882826120077183,0.19344325133289095,0.11561133873799208,-0.058377909501042366,0.5096693699313787,1603
DXCM,1Month,1Min,0.01,1.0,10,0.28317630528875815,-0.030802292263610198,2.265925066549698,2.865205266791702,0.27977546442624696,0.10576163065617847,-0.07501861350993634,0.5069774133218242,3475
DXCM,1Month,1Min,0.01,1.0,20,0.24163227674554455,-0.030802292263610198,2.0182158539547075,2.4674856499426396,0.23743507686138185,0.1305273377629288,-0.08148467175438519,0.5060477774417902,3307
DXCM,1Month,1Min,0.01,1.0,30,0.27695901940641776,-0.030802292263610198,2.294789378760799,2.7609094422736775,0.27339398011498495,0.11086798355418116,-0.06455412507152357,0.5081530260269677,3189
DXCM,1Month,1Min,0.01,1.5,10,0.21706646120699147,-0.030802292263610198,1.8509904466942475,2.2376171129967064,0.21391709356045338,0.09794114788062468,-0.06496400469047858,0.5065197143744179,3221
DXCM,1Month,1Min,0.01,1.5,20,0.19621008397279538,-0.030802292263610198,1.7225324631872627,1.9494972984162526,0.1926322402309068,0.11126618494454533,-0.06369759438842781,0.5071283095723014,2946
DXCM,1Month,1Min,0.01,1.5,30,0.21158179275623845,-0.030802292263610198,1.8677623558652248,2.0502198587202316,0.20791903647443175,0.11390685207598764,-0.06368746814101098,0.505971769815418,2763
DXCM,1Month,1Min,0.01,2.0,10,0.2038416417239004,-0.030802292263610198,1.821318096207079,2.1681825853664183,0.20100004933560744,0.08836974642328099,-0.05411311475284404,0.5030758714969241,2926
DXCM,1Month,1Min,0.01,2.0,20,0.16699111552583168,-0.030802292263610198,1.5415589575104522,1.6576923893706426,0.16436243915895934,0.08174834115069167,-0.06565335583333343,0.5026717557251908,2620
DXCM,1Month,1Min,0.01,2.0,30,0.16309779947662428,-0.030802292263610198,1.5446785303696213,1.5956835081442793,0.16038257111880722,0.08443999303001389,-0.06364389477767224,0.5029154518950437,2401
DXCM,1Month,1Min,0.1,1.0,10,0.2202495427099509,-0.030802292263610198,1.7810550684845177,2.2801538075683805,0.21724917277998787,0.09330751693283856,-0.0771311761132346,0.5102941176470588,3740
DXCM,1Month,1Min,0.1,1.0,20,0.1734206856833418,-0.030802292263610198,1.469703563470079,1.8228119191599446,0.17022467026791044,0.09939183149214205,-0.07201332060000343,0.5107519517874264,3650
DXCM,1Month,1Min,0.1,1.0,30,0.17146512768905064,-0.030802292263610198,1.4671122915286583,1.8067085895419115,0.16795642684429551,0.10911593274376331,-0.07133442189903332,0.5106620209059234,3587
DXCM,1Month,1Min,0.1,1.5,10,0.22187122009796245,-0.030802292263610198,1.8120100346354526,2.2726714183785055,0.21880692295675078,0.09529556823494113,-0.07429495712417535,0.5104079933388843,3603
DXCM,1Month,1Min,0.1,1.5,20,0.15791284541652817,-0.030802292263610198,1.3687149701140466,1.6322372396648481,0.1546453332597913,0.10161528511810562,-0.06923707841454088,0.5105735805330244,3452
DXCM,1Month,1Min,0.1,1.5,30,0.1610600492865577,-0.030802292263610198,1.4014178011144753,1.6405491500352485,0.15790705801773872,0.09805383771728617,-0.0669447118882252,0.510788133053641,3337
DXCM,1Month,1Min,0.1,2.0,10,0.23034395970716104,-0.030802292263610198,1.9146757659273919,2.3576002757870196,0.2274370325248304,0.09040157167925852,-0.062272422853900125,0.5105423876690417,3438
DXCM,1Month,1Min,0.1,2.0,20,0.17344570789405012,-0.030802292263610198,1.5197490139788559,1.7660529134718528,0.16989322042685734,0.11047763850335354,-0.06601467282955165,0.5100775193798449,3225
DXCM,1Month,1Min,0.1,2.0,30,0.1817202338091335,-0.030802292263610198,1.6001878592094978,1.8162686823398435,0.1787501275442328,0.09236635717381896,-0.062307368369522866,0.5108323831242874,3069
DXCM,1Month,5Min,0.001,1.0,10,0.20845982541233088,-0.03988078342321866,1.8348772457232918,2.2426963309401233,0.20561543857764647,0.1371118659289714,-0.06033533519576474,0.5103448275862069,652
DXCM,1Month,5Min,0.001,1.0,20,0.2721805113717528,-0.03988078342321866,2.3137745973033836,2.733904977118376,0.26901296649412715,0.15268949472310256,-0.0543840536693826,0.5201680672268908,595
DXCM,1Month,5Min,0.001,1.0,30,0.3158207654685419,-0.03988078342321866,2.6631416512377575,3.1453223359199756,0.3129410141207875,0.13881658988408244,-0.05916294189540827,0.5217391304347826,552
DXCM,1Month,5Min,0.001,1.5,10,0.23882237157156894,-0.03988078342321866,2.1576102212143766,2.4343010823649864,0.2363441830469919,0.1194595083148115,-0.050372647167877586,0.5167118337850045,553
DXCM,1Month,5Min,0.001,1.5,20,0.26979114346816924,-0.03988078342321866,2.4474230848192926,2.5975711659378775,0.26641101235963666,0.16293707934662427,-0.05113508867896308,0.5264830508474576,472
DXCM,1Month,5Min,0.001,1.5,30,0.25725452978756325,-0.03988078342321866,2.367320037459317,2.404437951958538,0.2541608479128502,0.14912897544739576,-0.060100167934370646,0.5220500595947557,419
DXCM,1Month,5Min,0.001,2.0,10,0.2620340489886257,-0.03988078342321866,2.4614578180748854,2.6321629205403094,0.2600484126078419,0.09571634417156238,-0.06305401204991358,0.5186813186813187,455
DXCM,1Month,5Min,0.001,2.0,20,0.15977013378654092,-0.03988078342321866,1.6092090153458234,1.3931318301624795,0.15715957281027,0.1258404385132023,-0.059576864780921404,0.515695067264574,334
DXCM,1Month,5Min,0.001,2.0,30,0.153358744761255,-0.03988078342321866,1.5670590816028858,1.2749646252132383,0.1507900724991929,0.12382121957416607,-0.05957686478092108,0.5228426395939086,295
DXCM,1Month,5Min,0.01,1.0,10,0.24770663882986121,-0.03988078342321866,2.0628679982203364,2.681574571290831,0.2442727248242476,0.1655296498380635,-0.07192811280040248,0.5111561866125761,739
DXCM,1Month,5Min,0.01,1.0,20,0.2628147191664816,-0.03988078342321866,2.202869683654733,2.8225328844814843,0.2587458275375983,0.19613834401707145,-0.07192811280040234,0.5118449389806173,696
DXCM,1Month,5Min,0.01,1.0,30,0.27158349949848826,-0.03988078342321866,2.286434722697969,2.850018584605497,0.26731949321951043,0.20554372215281563,-0.06913640719694097,0.5175766641735228,668
DXCM,1Month,5Min,0.01,1.5,10,0.22796532868898933,-0.03988078342321866,1.9496930875073726,2.4320951841580207,0.2243416714977622,0.17467609993041336,-0.07192811280040312,0.5080527086383602,683
DXCM,1Month,5Min,0.01,1.5,20,0.2330199291019326,-0.03988078342321866,2.036392907374276,2.4614531837559,0.22935237378078638,0.17679218148113812,-0.0691364071969413,0.5140112089671738,624
DXCM,1Month,5Min,0.01,1.5,30,0.2781040856706405,-0.03988078342321866,2.3982702955456894,2.828214627073708,0.2745823964630988,0.16976079785629294,-0.06294898302025854,0.5202020202020202,594
DXCM,1Month,5Min,0.01,2.0,10,0.28393434818834673,-0.03988078342321866,2.452066856709981,2.9635831593851822,0.2811164756997876,0.13583375866634745,-0.0656952986089422,0.5171042163882259,628
DXCM,1Month,5Min,0.01,2.0,20,0.18830623317557937,-0.03988078342321866,1.7464001579517505,1.9401874190146502,0.18527459034283997,0.1461384227202748,-0.06900843584791717,0.5093457943925234,535
DXCM,1Month,5Min,0.01,2.0,30,0.1872442496728759,-0.03988078342321866,1.775384663241331,1.9087496186284583,0.18450668885409413,0.13196238548856007,-0.06282016104927021,0.5076765609007164,488
DXCM,1Month,5Min,0.1,1.0,10,0.13456488521274546,-0.03988078342321866,1.1778572727916836,1.458744338967391,0.128988695266054,0.2687967048089879,-0.09312013992298937,0.5200254291163382,786
DXCM,1Month,5Min,0.1,1.0,20,0.14544003513939852,-0.03988078342321866,1.275483799060179,1.5727180406642622,0.13979280101186103,0.27222134455222285,-0.09312013992298754,0.5219960604070912,761
DXCM,1Month,5Min,0.1,1.0,30,0.15278865124147378,-0.03988078342321866,1.3402760049426075,1.625527822730659,0.14710466576840633,0.2739929198877462,-0.09298207093267247,0.5235531628532974,743
DXCM,1Month,5Min,0.1,1.5,10,0.1654610081619825,-0.03988078342321866,1.4318759823609166,1.7602541321292375,0.15966573927650837,0.27935726630362895,-0.09025295573274639,0.5225048923679061,766
DXCM,1Month,5Min,0.1,1.5,20,0.147988012114866,-0.03988078342321866,1.3126558734180753,1.5798421670522331,0.14195318105613147,0.2909052091436119,-0.09025295573274496,0.5220994475138122,724
DXCM,1Month,5Min,0.1,1.5,30,0.13899331843614382,-0.03988078342321866,1.2479953955613323,1.4732020086369495,0.13294068108071622,0.29176355039842994,-0.09358648597811131,0.5177407675597393,690
DXCM,1Month,5Min,0.1,2.0,10,0.19013172657721444,-0.03988078342321866,1.6591984072164194,2.026553960111213,0.18374252116267742,0.30798760052897567,-0.08887512047363276,0.5236111111111111,720
DXCM,1Month,5Min,0.1,2.0,20,0.13534946836979977,-0.03988078342321866,1.2401428641895165,1.4686606207288873,0.13084309811196362,0.21722672425717743,-0.10664265216242085,0.5163161711385061,689
DXCM,1Month,5Min,0.1,2.0,30,0.1147391277307035,-0.03988078342321866,1.0746898832237157,1.2304155482523698,0.10986114158314214,0.2351402328656964,-0.10635039533177147,0.5196969696969697,660
DXCM,1Month,15Min,0.001,1.0,10,0.3140590958381966,-0.03988078342321866,2.4996311544807486,3.3453187816801333,0.310199398163251,0.1963730973319596,-0.06763009566229718,0.5422993492407809,230
DXCM,1Month,15Min,0.001,1.0,20,0.29919473180177136,-0.03988078342321866,2.452720803742546,3.23576105597421,0.2935946839712741,0.28491836156503636,-0.06763009566229776,0.5408653846153846,208
DXCM,1Month,15Min,0.001,1.0,30,0.2773016016609622,-0.03988078342321866,2.3410705678245587,3.0358023769409637,0.2720205089947742,0.26869061037819414,-0.05823227753650215,0.5264550264550265,189
DXCM,1Month,15Min,0.001,1.5,10,0.2539491788335655,-0.03988078342321866,2.155741442123952,2.6966721346583276,0.2512048432913303,0.13962587641129418,-0.05823227753650163,0.5415617128463476,198
DXCM,1Month,15Min,0.001,1.5,20,0.2527002261919009,-0.03988078342321866,2.205691948391258,2.683074584263757,0.24695211257769265,0.2924516294541115,-0.05823227753650189,0.5380116959064327,171
DXCM,1Month,15Min,0.001,1.5,30,0.17223441690657393,-0.03988078342321866,1.8412742470214418,1.9914952305854974,0.16588165778227373,0.3232146895702877,-0.047746086790814254,0.532051282051282,156
DXCM,1Month,15Min,0.001,2.0,10,0.19002938962935256,-0.03988078342321866,1.7491625314492465,1.8990380590479965,0.1882193299051727,0.09209193681161677,-0.054880790979691715,0.5448717948717948,156
DXCM,1Month,15Min,0.001,2.0,20,0.16896641797636258,-0.03988078342321866,1.8642671282850012,1.8323467663418513,0.1653162361292349,0.1857133836668856,-0.03983280357350317,0.5463917525773195,145
DXCM,1Month,15Min,0.001,2.0,30,0.13354898744687893,-0.03988078342321866,1.6098981307510296,1.4914139288318276,0.1287248313175382,0.2454426644037479,-0.030570652173913054,0.5454545454545454,126
DXCM,1Month,15Min,0.01,1.0,10,0.2083928576612446,-0.03988078342321866,1.7517021851300072,2.6215144811531483,0.19643581221637388,0.6083486963733152,-0.09024054982817886,0.526615969581749,263
DXCM,1Month,15Min,0.01,1.0,20,0.19490490351925027,-0.03988078342321866,1.6655212373550181,2.4128369166096273,0.1830400741372876,0.6036569418831744,-0.0902405498281783,0.5269709543568465,241
DXCM,1Month,15Min,0.01,1.0,30,0.18235978739641023,-0.03988078342321866,1.6128711647331468,2.293847505998937,0.17169070453592197,0.542819936547217,-0.09011547979103705,0.5227765726681128,230
DXCM,1Month,15Min,0.01,1.5,10,0.17151919642692004,-0.03988078342321866,1.5214539138961984,2.1548742459123345,0.1599244231594185,0.5899170689406873,-0.09578677869135528,0.5348360655737705,244
DXCM,1Month,15Min,0.01,1.5,20,0.14297243038218754,-0.03988078342321866,1.3278162891454903,1.7899295897466996,0.1330247876980984,0.5061146155841685,-0.09110835805592099,0.5295404814004376,228
DXCM,1Month,15Min,0.01,1.5,30,0.16017198623246287,-0.03988078342321866,1.5053117666581746,1.9720552844002488,0.14962998650709242,0.5363542205861626,-0.08324676224115249,0.5319148936170213,211
DXCM,1Month,15Min,0.01,2.0,10,0.14070756223407743,-0.03988078342321866,1.3063168274576518,1.763930040551921,0.13036554296024128,0.526179646310941,-0.08324676224115239,0.5304740406320542,221
DXCM,1Month,15Min,0.01,2.0,20,0.12487529000942321,-0.03988078342321866,1.3363112162487507,1.541188165138172,0.11475781970304853,0.5147550789078152,-0.08076388888888943,0.5425,200
DXCM,1Month,15Min,0.01,2.0,30,0.08390809077954064,-0.03988078342321866,0.9606411812250066,1.061260015470602,0.07419775181579906,0.49404111384968213,-0.08076388888888895,0.536723163841808,177
DXCM,1Month,15Min,0.1,1.0,10,0.23264943802344762,-0.03988078342321866,1.8325180838244004,2.8996318409612485,0.21811275143556036,0.7395952767848899,-0.12219931271477649,0.5277777777777778,288
DXCM,1Month,15Min,0.1,1.0,20,0.2174693777794905,-0.03988078342321866,1.7440207267281045,2.6680424047674745,0.20310528827451899,0.7308139092745176,-0.12219931271477708,0.533457249070632,269
DXCM,1Month,15Min,0.1,1.0,30,0.21155663999108465,-0.03988078342321866,1.7073961601023249,2.6115612647805015,0.19713545339484945,0.7337188861935335,-0.12207863623865928,0.5310734463276836,265
DXCM,1Month,15Min,0.1,1.5,10,0.1846255593323698,-0.03988078342321866,1.5244679029314225,2.354093165300119,0.17080795248977357,0.703010049468227,-0.12207863623865693,0.5254545454545455,275
DXCM,1Month,15Min,0.1,1.5,20,0.17158419037690087,-0.03988078342321866,1.4319047400875202,2.1431306703701365,0.15765526483258976,0.7086737050412072,-0.12207863623865753,0.5281553398058253,257
DXCM,1Month,15Min,0.1,1.5,30,0.1730657091044041,-0.03988078342321866,1.4540723810495124,2.1460857422166923,0.15817815098034407,0.7574468641698632,-0.1154512085324468,0.528,250
DXCM,1Month,15Min,0.1,2.0,10,0.13970740206637133,-0.03988078342321866,1.2395184865526814,1.7766464615399316,0.1265041065945761,0.6717552111959193,-0.11545120853244585,0.5266272189349113,253
DXCM,1Month,15Min,0.1,2.0,20,0.12973456650581094,-0.03988078342321866,1.2464378248002261,1.6266288670704678,0.11750605653283196,0.6221602263660446,-0.12207863623865822,0.5360169491525424,236
DXCM,1Month,15Min,0.1,2.0,30,0.11469373329218291,-0.03988078342321866,1.1202062384648819,1.4450929412929499,0.10191577095902857,0.6501151779946097,-0.11305555555555521,0.5334773218142549,231
DXCM,1Month,30Min,0.001,1.0,10,0.2513043725648052,-0.03988078342321866,2.128594625847158,2.670226586813246,0.24246207465312894,0.4609589793155481,-0.07604572152762555,0.5826086956521739,115
DXCM,1Month,30Min,0.001,1.0,20,0.1586640422296428,-0.03988078342321866,1.544789852194572,1.7577295742465642,0.15152399634449917,0.3722186581313738,-0.07591870004309553,0.5695067264573991,111
DXCM,1Month,30Min,0.001,1.0,30,0.13043511589067314,-0.03988078342321866,1.306358349391927,1.43353494219945,0.12257672645818712,0.4096667187699551,-0.07591870004309556,0.5583756345177665,98
DXCM,1Month,30Min,0.001,1.5,10,0.20930388919256804,-0.03988078342321866,1.8373218976158125,2.1879445554034516,0.20057647605401313,0.4549699063069376,-0.0759187000430953,0.5707070707070707,99
DXCM,1Month,30Min,0.001,1.5,20,0.1143500009123335,-0.03988078342321866,1.1970498435641375,1.3060837374732341,0.10765981749750321,0.34876681934247894,-0.07410255345935292,0.5497382198952879,95
DXCM,1Month,30Min,0.001,1.5,30,0.1356568598925203,-0.03988078342321866,1.4839166570977442,1.4313314973326636,0.12923286717008936,0.33488999783099427,-0.055138450791226874,0.5592105263157895,76
DXCM,1Month,30Min,0.001,2.0,10,0.07782721586134422,-0.03988078342321866,0.9050553337107726,0.8656904389181573,0.06953825290562077,0.4321130029569813,-0.07427582591765992,0.5529411764705883,85
DXCM,1Month,30Min,0.001,2.0,20,0.13462421469537955,-0.03988078342321866,1.660943524146683,1.7815345235420146,0.12887256180633805,0.29984016277136244,-0.048245614035087946,0.554140127388535,78
DXCM,1Month,30Min,0.001,2.0,30,0.08328823436753341,-0.03988078342321866,1.0563414137777325,0.9260802319282555,0.07879578405606773,0.23419650987606902,-0.04824561403508803,0.5474452554744526,68
DXCM,1Month,30Min,0.01,1.0,10,0.13837903636676607,-0.03988078342321866,1.1633006099957828,1.4951579748275106,0.12542163988088254,0.6754837168325462,-0.1221993127147778,0.5598455598455598,129
DXCM,1Month,30Min,0.01,1.0,20,0.08593957689463605,-0.03988078342321866,0.8251446692909987,1.0277646829433462,0.07275102420237223,0.6875341510092561,-0.12207863623865879,0.5491803278688525,122
DXCM,1Month,30Min,0.01,1.0,30,0.09194722114292153,-0.03988078342321866,0.884013845863827,1.073186118251044,0.07842910330358033,0.7047147544374849,-0.12207863623865889,0.5474137931034483,116
DXCM,1Month,30Min,0.01,1.5,10,0.10939769520491494,-0.03988078342321866,0.9987220548822049,1.193334254098696,0.09634510476501723,0.6804462851963018,-0.12207863623865826,0.5680933852140078,128
DXCM,1Month,30Min,0.01,1.5,20,0.077667383901463,-0.03988078342321866,0.8028865647689922,0.9244646973951368,0.06474004859414435,0.6739165936337227,-0.11554208683293977,0.563265306122449,122
DXCM,1Month,30Min,0.01,1.5,30,0.08017992015136377,-0.03988078342321866,0.811101513936481,0.9277557124792625,0.06597852022768204,0.7403350214007025,-0.11554208683294026,0.5495495495495496,111
DXCM,1Month,30Min,0.01,2.0,10,0.07754142475475057,-0.03988078342321866,0.741483558320416,0.8692973729673098,0.06519490383869005,0.64363808326906,-0.12207863623865775,0.5523012552301255,119
DXCM,1Month,30Min,0.01,2.0,20,0.06491164587274745,-0.03988078342321866,0.71759270582323,0.8004835448460091,0.05361338943891958,0.5889908715816288,-0.10810055865921815,0.5560538116591929,111
DXCM,1Month,30Min,0.01,2.0,30,0.037754790340838174,-0.03988078342321866,0.4552318996319518,0.4537358319195928,0.025651045858194523,0.6309818735295158,-0.10810055865921823,0.5240963855421686,83
DXCM,1Month,30Min,0.1,1.0,10,0.10579214662790681,-0.03988078342321866,0.8865426962681945,1.3134938694113183,0.09189944933244344,0.7242420046490664,-0.12207863623865947,0.5104895104895105,143
DXCM,1Month,30Min,0.1,1.0,20,0.08393460095949434,-0.03988078342321866,0.7587607200875068,1.03422532479403,0.07082102313848304,0.6836256262714453,-0.12207863623865915,0.5152671755725191,131
DXCM,1Month,30Min,0.1,1.0,30,0.0946713509435626,-0.03988078342321866,0.85537151742648,1.1303917839615774,0.08159750094563291,0.6815545699735184,-0.12207863623865851,0.5084745762711864,118
DXCM,1Month,30Min,0.1,1.5,10,0.109760712585937,-0.03988078342321866,0.9222505327697748,1.3489263285244821,0.0958234810734989,0.7265636236904451,-0.12207863623865904,0.5109489051094891,137
DXCM,1Month,30Min,0.1,1.5,20,0.06537846935859926,-0.03988078342321866,0.6206575674904782,0.8206591694406186,0.05215306926282719,0.6894550477808024,-0.11545120853244696,0.5060728744939271,123
DXCM,1Month,30Min,0.1,1.5,30,0.04937580956950138,-0.03988078342321866,0.5007081679333852,0.6164012918936074,0.03614343112619044,0.6898188369214715,-0.11545120853244692,0.5023923444976076,104
DXCM,1Month,30Min,0.1,2.0,10,0.04697902380848795,-0.03988078342321866,0.45417876785124933,0.6335277156551529,0.032879201764844955,0.7350396517613398,-0.1154512085324484,0.49612403100775193,129
DXCM,1Month,30Min,0.1,2.0,20,0.04351005155747889,-0.03988078342321866,0.45580861682372914,0.5796295650524302,0.03209456116932635,0.5951024100602483,-0.10810055865921829,0.5021097046413502,118
DXCM,1Month,30Min,0.1,2.0,30,0.02447806599268687,-0.03988078342321866,0.2894845971056965,0.3337978989720986,0.012704306409381208,0.6137793879417455,-0.10810055865921807,0.5052083333333334,96
DXCM,1Month,60Min,0.001,1.0,10,0.08880810753310042,-0.03988078342321866,0.9391118224468353,1.134977720408618,0.08734408851282198,0.6208891495067987,-0.10108386921434191,0.5378787878787878,66
DXCM,1Month,60Min,0.001,1.0,20,0.07510655507260089,-0.03988078342321866,0.8157902323316132,0.957695550306606,0.07358020461998648,0.6473238538887492,-0.101083869214341,0.5433070866141733,63
DXCM,1Month,60Min,0.001,1.0,30,0.07287105819781847,-0.03988078342321866,0.8238625592598097,0.8907500537079603,0.07137549123877893,0.6342686019556796,-0.10108386921434173,0.5495495495495496,55
DXCM,1Month,60Min,0.001,1.5,10,0.08038453733896955,-0.03988078342321866,0.9286350227691208,1.0924788481273056,0.07880477053604876,0.6699776800017353,-0.10061484618844023,0.5446428571428571,56
DXCM,1Month,60Min,0.001,1.5,20,0.10377801398879094,-0.03988078342321866,1.2521710614119106,1.289670534426834,0.10220121771673542,0.6687178805339831,-0.07798323983655368,0.5730337078651685,44
DXCM,1Month,60Min,0.001,1.5,30,0.09075025970482109,-0.03988078342321866,1.1158464724328276,1.167449940819768,0.08908240119844336,0.7073372921928208,-0.08677151741133059,0.5652173913043478,46
DXCM,1Month,60Min,0.001,2.0,10,0.07476929223861206,-0.03988078342321866,0.8969071715475513,0.9918222973526181,0.07326134553337382,0.6395188411820463,-0.08629502670037903,0.5490196078431373,51
DXCM,1Month,60Min,0.001,2.0,20,0.09900881994424982,-0.03988078342321866,1.260199877895988,1.2258105700674433,0.09749049436520217,0.6439205122280535,-0.07032122905027924,0.5714285714285714,38
DXCM,1Month,60Min,0.001,2.0,30,0.06825241206443633,-0.03988078342321866,0.9197285663069837,0.8694173382981685,0.0666776330552287,0.6678623611748717,-0.07032122905027927,0.5616438356164384,36
DXCM,1Month,60Min,0.01,1.0,10,0.062821229820333,-0.03988078342321866,0.6321544664327082,0.832248443475151,0.06101195927879798,0.7673100090924542,-0.12207863623865757,0.5,79
DXCM,1Month,60Min,0.01,1.0,20,0.05899532582860201,-0.03988078342321866,0.6127727106217877,0.7513410216710875,0.057142068345475805,0.7859648314517724,-0.12207863623865793,0.49640287769784175,69
DXCM,1Month,60Min,0.01,1.0,30,0.045563620924149895,-0.03988078342321866,0.4944880933976434,0.5825345530904137,0.04370561778467512,0.7879774600401331,-0.12207863623865815,0.515625,64
DXCM,1Month,60Min,0.01,1.5,10,0.03710638263131072,-0.03988078342321866,0.40510952297655567,0.5207696085064875,0.035335582270120104,0.7509948402151632,-0.12207863623865735,0.5032679738562091,76
DXCM,1Month,60Min,0.01,1.5,20,0.011662211344093398,-0.03988078342321866,0.1662703720086645,0.1938325399941151,0.009697120168911699,0.8333933996498376,-0.12207863623865768,0.48360655737704916,61
DXCM,1Month,60Min,0.01,1.5,30,0.0036922076378012036,-0.03988078342321866,0.08604902446079163,0.09429826201969499,0.0017188239271500572,0.8369102564826815,-0.1154512085324465,0.49074074074074076,54
DXCM,1Month,60Min,0.01,2.0,10,-0.0030345993124692994,-0.03988078342321866,0.019904172996948067,0.02460556011887663,-0.004882904953222713,0.7838647595560195,-0.12207863623865788,0.4782608695652174,69
DXCM,1Month,60Min,0.01,2.0,20,0.013094147926054678,-0.03988078342321866,0.18381752850687993,0.1990064263044691,0.011175881276458018,0.813535160471343,-0.10810055865921722,0.4953271028037383,53
DXCM,1Month,60Min,0.01,2.0,30,0.02838340077865653,-0.03988078342321866,0.3495928193263622,0.36058740433167286,0.02642612932272497,0.8300770637502687,-0.10810055865921694,0.5102040816326531,49
DXCM,1Month,60Min,0.1,1.0,10,0.034168621117781406,-0.03988078342321866,0.37454874864777066,0.5081066601668285,0.032254467678324544,0.8117907517511903,-0.1220786362386573,0.49079754601226994,81
DXCM,1Month,60Min,0.1,1.0,20,0.028715519729465067,-0.03988078342321866,0.326445494170806,0.4281126758621451,0.02666429741607274,0.8699215378836409,-0.12207863623865749,0.48026315789473684,76
DXCM,1Month,60Min,0.1,1.0,30,0.024472498668926868,-0.03988078342321866,0.2898770818391739,0.36465265591389817,0.022380532213882746,0.8872010917058,-0.11545120853244568,0.4965034965034965,71
DXCM,1Month,60Min,0.1,1.5,10,0.02316403859733418,-0.03988078342321866,0.27218718538098885,0.3660382153295292,0.02120839076331402,0.829388487158212,-0.1220786362386579,0.4675324675324675,77
DXCM,1Month,60Min,0.1,1.5,20,0.03132598937708897,-0.03988078342321866,0.3561689825104867,0.4439483453886001,0.029344153576861372,0.8404947800687746,-0.11545120853244627,0.47761194029850745,67
DXCM,1Month,60Min,0.1,1.5,30,0.024922994923415764,-0.03988078342321866,0.2993020058079803,0.3565325572536555,0.022967234370444064,0.8294362911641606,-0.1081005586592175,0.4878048780487805,61
DXCM,1Month,60Min,0.1,2.0,10,0.0037662359273544777,-0.03988078342321866,0.08732146118684479,0.11283745554966429,0.0017950672653356254,0.8359708563503254,-0.1081005586592169,0.46258503401360546,73
DXCM,1Month,60Min,0.1,2.0,20,-0.015513891948613634,-0.03988078342321866,-0.12003402563749974,-0.1361566570268323,-0.017294388678321684,0.7551070613808075,-0.10810055865921704,0.47863247863247865,58
DXCM,1Month,60Min,0.1,2.0,30,0.000599887484934003,-0.03988078342321866,0.05351450426750671,0.06139468234830714,-0.0013172808762323838,0.8130693773360558,-0.10810055865921711,0.48717948717948717,58
DXCM,6Month,1Min,0.001,1.0,10,4.235234515162562,0.001327702807714104,5.510316067343203,6.271044744353806,4.234632109924588,0.03396016602731722,-0.11549476134113695,0.5096296296296297,17550
DXCM,6Month,1Min,0.001,1.0,20,4.135902059866606,0.001327702807714104,5.545857409350265,6.117355325641748,4.135240718071604,0.037282672432570746,-0.15596989845297016,0.5101722397283324,16343
DXCM,6Month,1Min,0.001,1.0,30,4.4355293193957515,0.001327702807714104,5.771784749521949,6.214550213177596,4.434999879164919,0.029846815743308875,-0.1420864408313316,0.5108507223113965,15575
DXCM,6Month,1Min,0.001,1.5,10,3.3644039236781893,0.001327702807714104,5.2072421087573515,5.495994512418936,3.363603970700197,0.045096779101803326,-0.11951498219014148,0.5097321192926894,15156
DXCM,6Month,1Min,0.001,1.5,20,3.364061105446445,0.001327702807714104,5.3378955500572225,5.292045356743921,3.36347920525704,0.032804208525770866,-0.1492021451377408,0.5106136048818839,13355
DXCM,6Month,1Min,0.001,1.5,30,3.675648462189667,0.001327702807714104,5.613934001156113,5.467039637826584,3.675160961013153,0.027482531441139813,-0.1280222841236484,0.5095001223191715,12263
DXCM,6Month,1Min,0.001,2.0,10,2.557160493932318,0.001327702807714104,4.8357376415692155,4.82651009615025,2.5565539726076993,0.03419220747885667,-0.11746570267190796,0.508057136036287,12566
DXCM,6Month,1Min,0.001,2.0,20,2.8965986576788145,0.001327702807714104,5.208778441726456,4.6117068839823565,2.895945469874569,0.036822997014131546,-0.129931066018353,0.5116523902952577,10448
DXCM,6Month,1Min,0.001,2.0,30,2.821130473763222,0.001327702807714104,5.293023364694189,4.480666585143668,2.8206361279153005,0.02786839491435983,-0.10964413637975079,0.510202968136185,9164
DXCM,6Month,1Min,0.01,1.0,10,5.947835317557058,0.001327702807714104,6.097714072501867,7.855334845515227,5.946962689379779,0.049193791674539036,-0.1601476014760149,0.5062161620212553,19948
DXCM,6Month,1Min,0.01,1.0,20,5.400260049347807,0.001327702807714104,5.88879797372426,7.437052766833543,5.399326151731777,0.05264781262458506,-0.16323529411764684,0.5054546403591189,19158
DXCM,6Month,1Min,0.01,1.0,30,5.182277870710665,0.001327702807714104,5.817886135167241,7.189968230980193,5.181328706865941,0.05350843538877689,-0.16323529411764698,0.5063424093075867,18565
DXCM,6Month,1Min,0.01,1.5,10,4.151665635276951,0.001327702807714104,5.38748847734882,6.62840119858173,4.15071860439243,0.053388191277248795,-0.15137956748694986,0.5056566253728536,18606
DXCM,6Month,1Min,0.01,1.5,20,4.850594913033278,0.001327702807714104,5.801639158894795,6.977530371578433,4.849692180290276,0.05089091511518527,-0.16014760147601467,0.506601184457605,17307
DXCM,6Month,1Min,0.01,1.5,30,4.957484477385036,0.001327702807714104,5.909718627748077,6.925088860809258,4.956606986609954,0.04946791716066784,-0.16323529411764728,0.5068201193520887,16422
DXCM,6Month,1Min,0.01,2.0,10,3.482061631824746,0.001327702807714104,5.160443814937136,6.18640652641033,3.4810666925010687,0.05608899539593988,-0.12461538461538449,0.5046514366462553,16984
DXCM,6Month,1Min,0.01,2.0,20,4.036779604231128,0.001327702807714104,5.5630183102702215,6.250010680736095,4.035965082063413,0.045918106790703364,-0.1513795674869495,0.5063059530810952,15303
DXCM,6Month,1Min,0.01,2.0,30,3.5642175335081197,0.001327702807714104,5.376473715757536,5.80321316229584,3.563577213416025,0.03609758891091669,-0.15137956748694983,0.5049010934569518,14129
DXCM,6Month,1Min,0.1,1.0,10,2.5526706596582316,0.001327702807714104,4.006841752164634,4.906368327479124,2.5519350293906724,0.04147063213636418,-0.16014760147601498,0.5056569300320911,21345
DXCM,6Month,1Min,0.1,1.0,20,2.5869784835054768,0.001327702807714104,4.054992190938793,4.92174456946594,2.586210715121132,0.04328239556909865,-0.16323529411764715,0.5053923213344198,20863
DXCM,6Month,1Min,0.1,1.0,30,2.48791940071593,0.001327702807714104,3.982960726947101,4.807175635688852,2.487194483405819,0.040866696794085416,-0.16323529411764698,0.5051576560099496,20503
DXCM,6Month,1Min,0.1,1.5,10,2.276500308490757,0.001327702807714104,3.8440628792894675,4.601644642923684,2.2756971353082753,0.0452783158352068,-0.15137956748695,0.5052340125810604,20586
DXCM,6Month,1Min,0.1,1.5,20,2.4729056041311552,0.001327702807714104,4.0294563140455875,4.808276545752346,2.4722304702769144,0.03806018994423591,-0.16014760147601473,0.5054323108797817,19789
DXCM,6Month,1Min,0.1,1.5,30,2.1565310028126823,0.001327702807714104,3.7454137600703694,4.388920738598191,2.155892138344228,0.03601552916543647,-0.16014760147601514,0.5048798896494288,19211
DXCM,6Month,1Min,0.1,2.0,10,2.168430552122164,0.001327702807714104,3.850170030664829,4.57412656074853,2.1676243116312492,0.045451233162415394,-0.124615384615383,0.5053076942565428,19735
DXCM,6Month,1Min,0.1,2.0,20,2.409302914598754,0.001327702807714104,4.076905158619152,4.709467482838168,2.4086191970234068,0.038544091104983295,-0.15137956748694995,0.5057744746832059,18703
DXCM,6Month,1Min,0.1,2.0,30,2.6992878400330382,0.001327702807714104,4.3379289438562925,4.964130355272224,2.6986264472349952,0.037285547692726954,-0.15137956748694945,0.5062605846914129,18009
DXCM,6Month,5Min,0.001,1.0,10,2.7879101034362037,0.001480384900074183,4.624216514150725,5.327292811202507,2.788209436404178,0.07085166472210257,-0.15940959409594135,0.5103983963918818,3991
DXCM,6Month,5Min,0.001,1.0,20,3.1491111810894985,0.001480384900074183,4.962689937738997,5.485114678962145,3.14939882215936,0.06808420996877275,-0.15940959409594088,0.5134770889487871,3710
DXCM,6Month,5Min,0.001,1.0,30,3.6388039796986655,0.001480384900074183,5.380783449576565,5.788401290731401,3.63907045843373,0.06307511705156178,-0.15940959409594097,0.5161057345081612,3461
DXCM,6Month,5Min,0.001,1.5,10,2.665035327328896,0.001480384900074183,4.692658076588426,5.030537087372631,2.6653878588747997,0.08344368835609439,-0.15940959409594074,0.5136298421807748,3485
DXCM,6Month,5Min,0.001,1.5,20,2.678810516512401,0.001480384900074183,4.774529397589313,4.788345956701073,2.679213576773159,0.09540375940308365,-0.159409594095941,0.5154911008569545,3034
DXCM,6Month,5Min,0.001,1.5,30,3.1353290907622267,0.001480384900074183,5.244433413229133,4.967819404970617,3.135664785816514,0.07945851603383265,-0.16507843424717772,0.5177570093457944,2675
DXCM,6Month,5Min,0.001,2.0,10,2.1552768149586905,0.001480384900074183,4.426961281900236,4.279033289341748,2.155606841275618,0.0781167344001276,-0.1594095940959407,0.5177195685670262,2920
DXCM,6Month,5Min,0.001,2.0,20,2.082758118878025,0.001480384900074183,4.389768672255925,3.747002983029413,2.0830538319703527,0.06999484558405726,-0.1650784342471781,0.518918918918919,2312
DXCM,6Month,5Min,0.001,2.0,30,2.352885089624492,0.001480384900074183,4.770212529004143,3.789071373439786,2.3531609662557154,0.06529958498190432,-0.16507843424717802,0.5246027678113788,1951
DXCM,6Month,5Min,0.01,1.0,10,3.2431795130645815,0.001480384900074183,4.784144009683027,5.828014139319533,3.2435479603168975,0.0872109122011468,-0.15940959409594108,0.5090424941750804,4506
DXCM,6Month,5Min,0.01,1.0,20,2.6736915558062098,0.001480384900074183,4.307590312225351,4.775974605819588,2.674143428961384,0.10695769832511388,-0.15940959409594108,0.5100080990396852,4321
DXCM,6Month,5Min,0.01,1.0,30,2.505804554068092,0.001480384900074183,4.181891266412307,4.528127591776918,2.5062641277790974,0.10878040834471893,-0.159409594095941,0.5116642616642617,4158
DXCM,6Month,5Min,0.01,1.5,10,2.829516919539853,0.001480384900074183,4.631342959132101,5.304838174002111,2.8299248740450222,0.09656221971729546,-0.1594095940959409,0.5095785440613027,4176
DXCM,6Month,5Min,0.01,1.5,20,2.611723159001566,0.001480384900074183,4.485330429419684,4.986946541923314,2.612147473196928,0.10043453385737115,-0.1594095940959411,0.5095607235142119,3870
DXCM,6Month,5Min,0.01,1.5,30,2.5643813555343034,0.001480384900074183,4.460797014945715,4.785096671798892,2.5647550903629646,0.08846247359419511,-0.16507843424717766,0.5115740740740741,3672
DXCM,6Month,5Min,0.01,2.0,10,2.4544737487775055,0.001480384900074183,4.4672047604547895,4.894774944972496,2.4549078042090757,0.10274026986262887,-0.1594095940959412,0.5092640918580376,3832
DXCM,6Month,5Min,0.01,2.0,20,2.0397463424511764,0.001480384900074183,4.0529616337150145,4.1498999537410475,2.040141040119526,0.0934243463184522,-0.16507843424717802,0.5090694587818906,3390
DXCM,6Month,5Min,0.01,2.0,30,1.9338216496457608,0.001480384900074183,3.9796200636541985,3.9144027882654346,1.9341638341263336,0.08099455350594763,-0.1650784342471778,0.5085983127839065,3082
DXCM,6Month,5Min,0.1,1.0,10,1.091023595545078,0.001480384900074183,2.3908826320152583,2.789633563462548,1.0914067735443351,0.09069765791589231,-0.1865950826661697,0.5041491650445651,4880
DXCM,6Month,5Min,0.1,1.0,20,1.1426353421819893,0.001480384900074183,2.474034082509792,2.8557808283704045,1.1429955449273517,0.08525944976638522,-0.19096910458742572,0.5046073298429319,4775
DXCM,6Month,5Min,0.1,1.0,30,1.2246102836666144,0.001480384900074183,2.594289768463571,2.9671489445807255,1.2249437527068598,0.07893162184772941,-0.18798293736518573,0.5065418572492288,4700
DXCM,6Month,5Min,0.1,1.5,10,0.8439482098709112,0.001480384900074183,2.0346119881288187,2.310881105856888,0.8442965518885157,0.0824520332891643,-0.19083503831692886,0.5031459955209555,4688
DXCM,6Month,5Min,0.1,1.5,20,0.8352059408770693,0.001480384900074183,2.032269798427985,2.269059919724255,0.8355650811822779,0.08500797177492497,-0.18992328837572667,0.5036987965109859,4528
DXCM,6Month,5Min,0.1,1.5,30,0.9792692867012969,0.001480384900074183,2.268682177319138,2.4986805376998364,0.9796382084816208,0.0873232322691055,-0.1880572670144952,0.5036504677161762,4383
DXCM,6Month,5Min,0.1,2.0,10,0.8113925792662129,0.001480384900074183,2.0089069565239277,2.231644077414368,0.81174351556913,0.08306609673299523,-0.18455638132079638,0.5036650377609951,4502
DXCM,6Month,5Min,0.1,2.0,20,0.7296278466062953,0.001480384900074183,1.881096461525884,2.0236309586829693,0.7298902346763114,0.06210686276789309,-0.19264447081505345,0.5028799811919595,4253
DXCM,6Month,5Min,0.1,2.0,30,0.6698472046098851,0.001480384900074183,1.7733516933872937,1.880089033061913,0.6701449163389595,0.07046791990532446,-0.2101470205511074,0.5020636076717649,4119
DXCM,6Month,15Min,0.001,1.0,10,2.8708819181186978,-0.0020652013571322847,4.704120123652343,5.204274183170535,2.86837482810228,0.14554580094182562,-0.10736677115987454,0.5414601916088536,1513
DXCM,6Month,15Min,0.001,1.0,20,3.0408398699172254,-0.0020652013571322847,4.940125797084947,5.280589040270247,3.0380015622483945,0.16477420446577434,-0.10736677115987449,0.5434703528555839,1374
DXCM,6Month,15Min,0.001,1.0,30,2.4340655321020663,-0.0020652013571322847,4.456099534477281,4.498666962314579,2.4312227660969783,0.1650330272910967,-0.10736677115987457,0.5411992263056092,1292
DXCM,6Month,15Min,0.001,1.5,10,2.44353381676344,-0.0020652013571322847,4.3096562892063695,3.9786066372978897,2.44229281162849,0.07204491468453039,-0.16507843424717739,0.545992893801816,1266
DXCM,6Month,15Min,0.001,1.5,20,2.513034377938711,-0.0020652013571322847,4.495617098809072,3.922225460429113,2.510725614285801,0.1340322257468474,-0.16507843424717766,0.5507375949932946,1118
DXCM,6Month,15Min,0.001,1.5,30,2.353053513036085,-0.0020652013571322847,4.734662862964208,4.391731551862738,2.350083951224322,0.17239399044667542,-0.10736677115987438,0.5482185273159145,1052
DXCM,6Month,15Min,0.001,2.0,10,2.240745693306554,-0.0020652013571322847,4.613999096036836,4.21250346712468,2.239225655604637,0.08824378196973827,-0.10736677115987454,0.5517241379310345,1058
DXCM,6Month,15Min,0.001,2.0,20,2.169836614481488,-0.0020652013571322847,4.556209435714742,3.839839134085146,2.1667635034107215,0.17840540596824034,-0.10736677115987454,0.5560415527610716,914
DXCM,6Month,15Min,0.001,2.0,30,2.023190339747254,-0.0020652013571322847,4.640711595723114,3.6922655791064494,2.020285034657694,0.1686636512735034,-0.1073667711598745,0.5560371517027863,807
DXCM,6Month,15Min,0.01,1.0,10,0.9823166666886678,-0.0020652013571322847,2.2104783685305343,2.4362771206731817,0.9796776860603923,0.1532025362859278,-0.17806554638139985,0.5243730628346013,1774
DXCM,6Month,15Min,0.01,1.0,20,1.0041736231770613,-0.0020652013571322847,2.2488590682712655,2.427324129711045,1.0015337423260677,0.15325479752731552,-0.19066428772459507,0.5270546943550746,1709
DXCM,6Month,15Min,0.01,1.0,30,0.9221982630099608,-0.0020652013571322847,2.136747606973138,2.2606626209489487,0.9197996768118506,0.1392467550210988,-0.1970734709576515,0.5253260539884743,1648
DXCM,6Month,15Min,0.01,1.5,10,0.9737999499195411,-0.0020652013571322847,2.244431999630919,2.367214776116467,0.9710079759692286,0.16208436160883458,-0.1843395663231959,0.5259146341463414,1640
DXCM,6Month,15Min,0.01,1.5,20,0.9218310417164859,-0.0020652013571322847,2.184475642773869,2.2414830088698197,0.9197384966559461,0.12147994082729492,-0.20209121544136002,0.5248134933506325,1541
DXCM,6Month,15Min,0.01,1.5,30,1.0267390707021686,-0.0020652013571322847,2.4541725171580118,2.6348704114448016,1.023727435824456,0.17483648674384494,-0.1379601106088166,0.5256237356709373,1483
DXCM,6Month,15Min,0.01,2.0,10,0.7718698221079296,-0.0020652013571322847,1.9511345909771847,1.9729096578666208,0.7693789016885701,0.144607096332365,-0.1902489094007263,0.5221674876847291,1522
DXCM,6Month,15Min,0.01,2.0,20,0.8574694334799502,-0.0020652013571322847,2.1271031477108155,2.0625898950325077,0.8550913404271504,0.13805705252598077,-0.21932900454156104,0.5249097472924188,1385
DXCM,6Month,15Min,0.01,2.0,30,0.6402881939465654,-0.0020652013571322847,1.8133806037502187,1.814245638033195,0.6366652064001433,0.2103277587933282,-0.14303583808215503,0.5176424970918961,1289
DXCM,6Month,15Min,0.1,1.0,10,0.48094109544662755,-0.0020652013571322847,1.3038622379337481,1.5038765812142507,0.4788699499092277,0.1202376197639195,-0.2695686614350908,0.5081066945606695,1912
DXCM,6Month,15Min,0.1,1.0,20,0.493089289950851,-0.0020652013571322847,1.3286579334465338,1.5218835491476517,0.49108608483204974,0.11629342845985605,-0.25374580269528546,0.5075697211155379,1882
DXCM,6Month,15Min,0.1,1.0,30,0.5098571445482689,-0.0020652013571322847,1.3635042486146878,1.5513781539543714,0.5075191463965304,0.1357293959797715,-0.2538153662417182,0.5092717011556034,1860
DXCM,6Month,15Min,0.1,1.5,10,0.5464482448805437,-0.0020652013571322847,1.4479676909043424,1.642111107405946,0.5444508503650841,0.11595610155424668,-0.24903710338550336,0.5095057034220533,1841
DXCM,6Month,15Min,0.1,1.5,20,0.5129889231344247,-0.0020652013571322847,1.3980419411504785,1.5453210253196041,0.5110602917579695,0.11196414830321236,-0.2519901206335116,0.5092513521206946,1756
DXCM,6Month,15Min,0.1,1.5,30,0.39601416422409175,-0.0020652013571322847,1.1621367315399258,1.2704984874755312,0.39396914662247473,0.11872079694719993,-0.23119916909765437,0.5057235104197241,1703
DXCM,6Month,15Min,0.1,2.0,10,0.5223399924678005,-0.0020652013571322847,1.4128222307503024,1.5559142394450605,0.520075245519963,0.131476894046488,-0.23638081898357471,0.5116345062429057,1762
DXCM,6Month,15Min,0.1,2.0,20,0.47877271289226475,-0.0020652013571322847,1.3545011776547409,1.4351051670149224,0.4771108458461422,0.09647749729877715,-0.22962308781145557,0.5112530413625304,1644
DXCM,6Month,15Min,0.1,2.0,30,0.2721243098730701,-0.0020652013571322847,0.900871739119435,0.9428832855379577,0.27063224774943745,0.08661969670693183,-0.2693802264282593,0.5079266397264532,1608
DXCM,6Month,30Min,0.001,1.0,10,1.2452501500830073,-0.0022123893805308104,2.8946256824797088,2.966105786082965,1.2440389023563567,0.16504071755316702,-0.1658847676293798,0.5315005727376861,873
DXCM,6Month,30Min,0.001,1.0,20,1.2759784921822628,-0.0022123893805308104,3.0650410578542444,3.1872270544170087,1.2746436204766796,0.1818853231123048,-0.10945471753833819,0.5334143377885784,823
DXCM,6Month,30Min,0.001,1.0,30,1.2247071221131596,-0.0022123893805308104,3.0097170879270623,3.0837735671055784,1.2233665560295253,0.18266122074156838,-0.10945471753833814,0.5308328035600763,786
DXCM,6Month,30Min,0.001,1.5,10,1.492974777706645,-0.0022123893805308104,3.4754225663114178,3.6027438693819445,1.4914403504052718,0.2090761264436886,-0.11382772016335806,0.5329494561740243,781
DXCM,6Month,30Min,0.001,1.5,20,1.0878454175321592,-0.0022123893805308104,2.860858768477966,2.7717449297673205,1.0864777719260705,0.18635098933187286,-0.10822884012539195,0.5313807531380753,717
DXCM,6Month,30Min,0.001,1.5,30,1.2471425884590608,-0.0022123893805308104,3.211782451892545,2.982343093715192,1.2459383438499203,0.16408649529660896,-0.10822884012539165,0.5322085889570553,652
DXCM,6Month,30Min,0.001,2.0,10,1.2149408347565718,-0.0022123893805308104,3.2343111998903122,2.99147137271857,1.2137264513414348,0.16546797637596952,-0.13259538548066074,0.5349194167306216,651
DXCM,6Month,30Min,0.001,2.0,20,0.9551347194416859,-0.0022123893805308104,2.8519011179806317,2.5121751761016045,0.9536763147119625,0.19871753546409765,-0.10822884012539188,0.5260906757912746,584
DXCM,6Month,30Min,0.001,2.0,30,0.6836540589388764,-0.0022123893805308104,2.220234681132236,1.8355516925410953,0.6824135183458879,0.1690320692587066,-0.10822884012539172,0.5237668161434977,557
DXCM,6Month,30Min,0.01,1.0,10,0.5409227142056994,-0.0022123893805308104,1.4713855099088449,1.6599689041853753,0.5399849332295225,0.12777901812367698,-0.20245264735718863,0.5074037512339585,1013
DXCM,6Month,30Min,0.01,1.0,20,0.44140901004714905,-0.0022123893805308104,1.2858358348577854,1.4181236847593102,0.4403392534473446,0.1457615919141337,-0.2386695513411193,0.5049350649350649,962
DXCM,6Month,30Min,0.01,1.0,30,0.4997048077725299,-0.0022123893805308104,1.4175770273227124,1.5397607222894485,0.49857653456745477,0.15373487624742818,-0.22081050819237483,0.5067458175930922,926
DXCM,6Month,30Min,0.01,1.5,10,0.6340118614239634,-0.0022123893805308104,1.7025101830428384,1.8733118035603078,0.6333665488904837,0.08792820925744899,-0.2029160379105681,0.5084835630965006,943
DXCM,6Month,30Min,0.01,1.5,20,0.4864421038164737,-0.0022123893805308104,1.4127595751591118,1.5242507274293928,0.48539046685024,0.14329266895103646,-0.21596003596297433,0.5052689961175818,901
DXCM,6Month,30Min,0.01,1.5,30,0.5334559349121177,-0.0022123893805308104,1.5169576649207877,1.6115913177458925,0.5324195586445385,0.1412132952598637,-0.2159600359629758,0.5057937427578215,863
DXCM,6Month,30Min,0.01,2.0,10,0.4012048223447322,-0.0022123893805308104,1.2380928207009168,1.2956976560617142,0.40059841098148624,0.08262766098167366,-0.21864133598074972,0.5074712643678161,870
DXCM,6Month,30Min,0.01,2.0,20,0.23405276411149978,-0.0022123893805308104,0.8463233390079026,0.8543254839855211,0.23317490700923132,0.11961398389424559,-0.2159600359629757,0.49876084262701365,807
DXCM,6Month,30Min,0.01,2.0,30,0.2666462009916497,-0.0022123893805308104,0.9325579212154579,0.926186070897717,0.2658429176382349,0.10945280484669485,-0.2137773606052169,0.4977404777275662,774
DXCM,6Month,30Min,0.1,1.0,10,0.20854420856405298,-0.0022123893805308104,0.7281430338098002,0.8430003463998113,0.20877803377739496,-0.03186027114263124,-0.23379980054463637,0.4983698183511877,1073
DXCM,6Month,30Min,0.1,1.0,20,0.13132543383066553,-0.0022123893805308104,0.534290023773373,0.6135925558797143,0.131450629814034,-0.01705880182499128,-0.2479319070728289,0.49572243346007605,1052
DXCM,6Month,30Min,0.1,1.0,30,0.13131833867490528,-0.0022123893805308104,0.5358242301839302,0.6087547148471005,0.1314704388058115,-0.020724674393492706,-0.24418730288475682,0.49709583736689256,1033
DXCM,6Month,30Min,0.1,1.5,10,0.1979582341425279,-0.0022123893805308104,0.7090444932854567,0.8150215647993287,0.19812182415774066,-0.02229024905574485,-0.2278361774968075,0.494675701839303,1033
DXCM,6Month,30Min,0.1,1.5,20,0.1642134631584551,-0.0022123893805308104,0.6256169192143669,0.7026412049201574,0.16423890001465258,-0.0034659441720806873,-0.22811852495274662,0.49427575908412147,1004
DXCM,6Month,30Min,0.1,1.5,30,0.04294504986313008,-0.0022123893805308104,0.29192469896513923,0.31877412925898047,0.0430394628874648,-0.012864414883694893,-0.22766666985246978,0.4953319502074689,964
DXCM,6Month,30Min,0.1,2.0,10,0.2532545808455666,-0.0022123893805308104,0.8491322003034983,0.9595372872763609,0.2534174239697688,-0.022188480090064487,-0.2256865639250038,0.4977488744372186,999
DXCM,6Month,30Min,0.1,2.0,20,0.1831704446589404,-0.0022123893805308104,0.6836232448994743,0.7456351945078132,0.18343387397449043,-0.035894030846309925,-0.2259696974031631,0.49491162292447777,933
DXCM,6Month,30Min,0.1,2.0,30,0.08477802208066043,-0.0022123893805308104,0.41453449196490955,0.4404010946761617,0.08514463125318164,-0.04995298613421071,-0.22551658439125302,0.49583101723179546,899
DXCM,6Month,60Min,0.001,1.0,10,0.598161177529575,0.0012921330852675439,1.8057114220989021,2.241246384159017,0.6021626429336123,0.23516674801063234,-0.13326445399149703,0.5179584120982986,529
DXCM,6Month,60Min,0.001,1.0,20,0.44600130650020753,0.0012921330852675439,1.461127817612686,1.734237454295428,0.44940755912455194,0.20018599979935803,-0.12907538925156642,0.513733468972533,491
DXCM,6Month,60Min,0.001,1.0,30,0.46739705380199337,0.0012921330852675439,1.5256708493098936,1.769578337483621,0.4710078311113618,0.2122059475456167,-0.1257124709210497,0.5127659574468085,470
DXCM,6Month,60Min,0.001,1.5,10,0.48998570746502,0.0012921330852675439,1.6051110054138908,1.880891453143959,0.4945435257633476,0.2678636946753525,-0.1263799152803037,0.5124593716143012,461
DXCM,6Month,60Min,0.001,1.5,20,0.5749837969032618,0.0012921330852675439,1.8336834506103863,2.0135261638915756,0.5804317387546266,0.3201763951885741,-0.12571247092104934,0.5202863961813843,419
DXCM,6Month,60Min,0.001,1.5,30,0.4022002666401219,0.0012921330852675439,1.4228468733319068,1.5185616027379025,0.4074219439628587,0.3068787934315016,-0.1126549826187721,0.5133079847908745,394
DXCM,6Month,60Min,0.001,2.0,10,0.38181613367585854,0.0012921330852675439,1.3739968727541516,1.445091737742087,0.3853246535158345,0.2061962600664863,-0.1312795521662769,0.5058977719528178,381
DXCM,6Month,60Min,0.001,2.0,20,0.5932786780687895,0.0012921330852675439,1.997627677366277,2.0716714545750614,0.5986164455710006,0.31370143144691287,-0.12571247092104942,0.5195936139332366,344
DXCM,6Month,60Min,0.001,2.0,30,0.4833459140615628,0.0012921330852675439,1.743987479613828,1.666658773589504,0.48756599978440107,0.24801509835987992,-0.11265498261877213,0.519134775374376,300
DXCM,6Month,60Min,0.01,1.0,10,0.22274753040698214,0.0012921330852675439,0.7765438188289965,0.8359896265445234,0.22378405203169463,0.060916538096366976,-0.25309549875250953,0.5021422450728363,583
DXCM,6Month,60Min,0.01,1.0,20,0.18886139881006647,0.0012921330852675439,0.6986662458348266,0.733002286267575,0.19045632988591132,0.09373434892854368,-0.24762948556022935,0.5,562
DXCM,6Month,60Min,0.01,1.0,30,0.1426820328131766,0.0012921330852675439,0.5786459303921793,0.5943794984391383,0.14451694632569045,0.10783815428799406,-0.242171196859998,0.49767441860465117,537
DXCM,6Month,60Min,0.01,1.5,10,0.12688740482475813,0.0012921330852675439,0.5332141557886896,0.5551565610205443,0.12836788884181383,0.08700827737293935,-0.25403410909389823,0.49727272727272726,550
DXCM,6Month,60Min,0.01,1.5,20,0.1122964597102778,0.0012921330852675439,0.4974825534921232,0.49457799185792917,0.11358113416034452,0.07550051847748492,-0.243787770412237,0.49504950495049505,505
DXCM,6Month,60Min,0.01,1.5,30,0.10697869373637969,0.0012921330852675439,0.48608315111090294,0.46249164953498473,0.10883153409294735,0.10889171771852438,-0.23618113185046102,0.4940923737916219,465
DXCM,6Month,60Min,0.01,2.0,10,0.05467609990263256,0.0012921330852675439,0.3283119457089231,0.3232142042877381,0.056122800305848264,0.08502280910054628,-0.23217415565332067,0.49454905847373637,504
DXCM,6Month,60Min,0.01,2.0,20,0.01717563419968937,0.0012921330852675439,0.2111090547637093,0.19743254096564652,0.018012251611884918,0.04916813624243467,-0.23830161088243612,0.4894561598224195,450
DXCM,6Month,60Min,0.01,2.0,30,0.015691617434824723,0.0012921330852675439,0.20292233307989047,0.17987221720915295,0.016262546151035,0.033553570000027656,-0.23944242673241856,0.4880668257756563,419
DXCM,6Month,60Min,0.1,1.0,10,0.19293881429147963,0.0012921330852675439,0.7281208917348035,0.9543543441168318,0.1954729164395421,0.14892957981976424,-0.15122958037433787,0.5032154340836013,622
DXCM,6Month,60Min,0.1,1.0,20,0.15453407962514776,0.0012921330852675439,0.6259762045970755,0.8119831787923041,0.15664201498590166,0.1238836910360274,-0.1577428871224881,0.5028854080791426,606
DXCM,6Month,60Min,0.1,1.0,30,0.04621572909874039,0.0012921330852675439,0.2999630694954497,0.377672689094788,0.048015016105354885,0.10574437896086512,-0.2208316137522099,0.500418410041841,597
DXCM,6Month,60Min,0.1,1.5,10,0.19543067662564395,0.0012921330852675439,0.7400151405869163,0.9631830707678096,0.19749483965679465,0.12131118437502954,-0.15122958037433692,0.5040983606557377,610
DXCM,6Month,60Min,0.1,1.5,20,0.23074639385714746,0.0012921330852675439,0.8470790374722628,1.0890196864398791,0.23317590479152944,0.14278273782360368,-0.1522250092404725,0.5046968403074296,585
DXCM,6Month,60Min,0.1,1.5,30,0.07068504215806759,0.0012921330852675439,0.3798107208793053,0.4652507251864621,0.07239917574652636,0.10073989924964041,-0.20047282737644218,0.5026408450704225,568
DXCM,6Month,60Min,0.1,2.0,10,0.21790672079818152,0.0012921330852675439,0.8086304115369118,1.038522738506697,0.2195443931576704,0.09624626085716563,-0.15222500924047216,0.5071488645920942,594
DXCM,6Month,60Min,0.1,2.0,20,0.14935692633539843,0.0012921330852675439,0.6256403868152521,0.7626809693440645,0.1510635485795173,0.10029845636728524,-0.20377571740579803,0.501788908765653,559
DXCM,6Month,60Min,0.1,2.0,30,0.16863038743763425,0.0012921330852675439,0.6911342644677613,0.8296103508612875,0.16993632093119126,0.0767499157903745,-0.17501476294914,0.5046382189239332,539
DXCM,1Year,1Min,0.001,1.0,10,21.29625514673698,-0.047451422134609844,7.11702496152123,8.075391355748893,21.305087917218813,-0.03965927952612315,-0.1375632957649113,0.5070848790828708,35851
DXCM,1Year,1Min,0.001,1.0,20,18.635691135675703,-0.047451422134609844,6.908702789780795,7.595765285190957,18.636979503863667,-0.005784793593822424,-0.15596989845297018,0.5067653245416437,33516
DXCM,1Year,1Min,0.001,1.0,30,19.325731932173202,-0.047451422134609844,7.050030257521559,7.554424801506982,19.323202413359468,0.011357579584657985,-0.14208644083133135,0.5076017348552461,31933
DXCM,1Year,1Min,0.001,1.5,10,15.002448280650018,-0.047451422134609844,6.703068902107733,7.124457330732923,15.000586937110588,0.008357462007667541,-0.11951498219014203,0.5067529407967986,30986
DXCM,1Year,1Min,0.001,1.5,20,14.845140909224227,-0.047451422134609844,6.781282871299536,6.766223512072327,14.843838405148992,0.00584826395182726,-0.14920214513774036,0.5069808027923212,27504
DXCM,1Year,1Min,0.001,1.5,30,13.113007513379936,-0.047451422134609844,6.58113839217494,6.334306073359791,13.111339988344556,0.007487213851073324,-0.1280222841236485,0.5064919642150265,25262
DXCM,1Year,1Min,0.001,2.0,10,9.366461004201955,-0.047451422134609844,6.0617149496017735,5.989511378489725,9.365829893095633,0.0028336988750192822,-0.11746570267190796,0.5052871696727175,25864
DXCM,1Year,1Min,0.001,2.0,20,12.054996573839746,-0.047451422134609844,6.7192087188058505,5.998353037048408,12.06084598005385,-0.02626392665632114,-0.1299310660183522,0.5076498385813877,21373
DXCM,1Year,1Min,0.001,2.0,30,9.814298594889555,-0.047451422134609844,6.353278678744218,5.310617455692002,9.820595842085387,-0.028274739765765007,-0.12636502209769748,0.5069131747629391,18877
DXCM,1Year,1Min,0.01,1.0,10,24.918557134105342,-0.047451422134609844,7.126818777313099,8.747967601147367,24.93391237395768,-0.0689452704275505,-0.1601476014760139,0.5050544947356728,40508
DXCM,1Year,1Min,0.01,1.0,20,22.998226583300326,-0.047451422134609844,7.013921684851026,8.459642486042185,23.011890616978526,-0.061351727887933666,-0.16323529411764667,0.5044193137519781,38863
DXCM,1Year,1Min,0.01,1.0,30,21.518237519236305,-0.047451422134609844,6.918616785079606,8.183828554779849,21.53206043530736,-0.0620651123512844,-0.16323529411764695,0.5048180584023212,37567
DXCM,1Year,1Min,0.01,1.5,10,16.519690085672426,-0.047451422134609844,6.507351696532861,7.752223196198947,16.533712317993967,-0.06296004547654895,-0.15137956748694972,0.5039710425478315,37710
DXCM,1Year,1Min,0.01,1.5,20,18.0169763560762,-0.047451422134609844,6.716681050285477,7.693778310926151,18.02990565730442,-0.05805276753675557,-0.16014760147601484,0.5046752987194678,35024
DXCM,1Year,1Min,0.01,1.5,30,19.266953043690137,-0.047451422134609844,6.910725626482819,7.704654951195142,19.279477672530756,-0.056235782099477605,-0.16323529411764667,0.5055903432666918,33137
DXCM,1Year,1Min,0.01,2.0,10,13.026766350365214,-0.047451422134609844,6.258227482741448,7.209633692892739,13.041193866427845,-0.06477977590070104,-0.1429459542726934,0.5033211293286832,34551
DXCM,1Year,1Min,0.01,2.0,20,14.267999499239222,-0.047451422134609844,6.486541330329289,7.077374813166812,14.278848390097055,-0.0487116919843137,-0.1513795674869498,0.5038952642637788,30935
DXCM,1Year,1Min,0.01,2.0,30,13.257173308343127,-0.047451422134609844,6.42284750676105,6.648824047030325,13.270705604728235,-0.06076022535297548,-0.15137956748695044,0.503590318399944,28549
DXCM,1Year,1Min,0.1,1.0,10,8.883370131884531,-0.047451422134609844,4.9887765520569465,6.064702218964462,8.898608389351592,-0.06842001766264923,-0.16231397878004908,0.5032034632034632,43312
DXCM,1Year,1Min,0.1,1.0,20,9.437747702611958,-0.047451422134609844,5.134333689506584,6.206656097376076,9.452762014639609,-0.06741449908856308,-0.17293777127952473,0.5031423508564679,42325
DXCM,1Year,1Min,0.1,1.0,30,9.045059471621144,-0.047451422134609844,5.069977537721223,6.080435602038124,9.059215600599071,-0.0635612435869535,-0.1734260098428275,0.5031889290012034,41550
DXCM,1Year,1Min,0.1,1.5,10,7.235851931330753,-0.047451422134609844,4.714724187757018,5.647081290665284,7.250270734236357,-0.06474065368748094,-0.17046590421212732,0.5029082292115468,41778
DXCM,1Year,1Min,0.1,1.5,20,8.786094535673683,-0.047451422134609844,5.075325508544071,6.008170969100339,8.798980515017249,-0.05785825158769886,-0.1718465589273944,0.5031487243310516,40175
DXCM,1Year,1Min,0.1,1.5,30,7.686730447006154,-0.047451422134609844,4.85093418042661,5.652826498274711,7.695388437288866,-0.038874513660551446,-0.1766501092843527,0.5029197736052466,38958
DXCM,1Year,1Min,0.1,2.0,10,7.06551154380184,-0.047451422134609844,4.784286123812783,5.665154988194091,7.080210978730073,-0.06600069591911947,-0.16547489221961104,0.5028525773067176,40051
DXCM,1Year,1Min,0.1,2.0,20,8.156989174946176,-0.047451422134609844,5.045107922241288,5.8180316356476665,8.167880553908462,-0.048902464247047576,-0.1754516183609201,0.5027974980866169,37891
DXCM,1Year,1Min,0.1,2.0,30,8.57695494432203,-0.047451422134609844,5.164386616847261,5.86014277329442,8.587808092741426,-0.048730808503248235,-0.17752679007227098,0.5032409569062595,36409
DXCM,1Year,5Min,0.001,1.0,10,11.686362496721525,-0.047451422134609844,6.217933071191053,7.24566027349329,11.719329160988073,-0.14064430139737114,-0.15940959409594097,0.5104834193989921,8036
DXCM,1Year,5Min,0.001,1.0,20,12.29717639426239,-0.047451422134609844,6.377417114718428,7.124173596474676,12.328780941516582,-0.13483315853877426,-0.15940959409594116,0.5122773880194279,7412
DXCM,1Year,5Min,0.001,1.0,30,13.43455968257192,-0.047451422134609844,6.644445126072428,7.230314919555115,13.466953938557849,-0.13820225988262574,-0.15940959409594097,0.5136206399538772,6938
DXCM,1Year,5Min,0.001,1.5,10,9.425102380469417,-0.047451422134609844,5.992692126445891,6.489511380761815,9.455084531314517,-0.12791159657238213,-0.1594095940959409,0.5109326833464765,6974
DXCM,1Year,5Min,0.001,1.5,20,9.51976257079914,-0.047451422134609844,6.119679032862284,6.236148711792286,9.552258634401579,-0.138636597460279,-0.159409594095941,0.512684124386252,6110
DXCM,1Year,5Min,0.001,1.5,30,10.555131716402814,-0.047451422134609844,6.438459259966586,6.310538362597644,10.571663538922996,-0.07052902320892886,-0.16507843424717786,0.5141518103289836,5441
DXCM,1Year,5Min,0.001,2.0,10,7.119976388034313,-0.047451422134609844,5.693854301640287,5.568921807428983,7.148379411105794,-0.12117462977640027,-0.15940959409594085,0.5151619572708477,5804
DXCM,1Year,5Min,0.001,2.0,20,6.21340123244337,-0.047451422134609844,5.418902956189219,4.7321785929643605,6.242059552967149,-0.12226379462294984,-0.1650784342471776,0.5137296159915834,4752
DXCM,1Year,5Min,0.001,2.0,30,8.480136097479269,-0.047451422134609844,6.294939178553421,5.347221745511262,8.4955957977063,-0.06595507269596301,-0.16507843424717789,0.5188794153471377,4105
DXCM,1Year,5Min,0.01,1.0,10,7.526721823710922,-0.047451422134609844,4.922798178133823,5.632202809641062,7.541004080972997,-0.06093179700441842,-0.22092552337010568,0.506318035118429,9140
DXCM,1Year,5Min,0.01,1.0,20,6.656889142831997,-0.047451422134609844,4.690562085226195,5.103009397875654,6.66937386037369,-0.05326302845194623,-0.2186791071330203,0.5068641412702933,8777
DXCM,1Year,5Min,0.01,1.0,30,6.014261527934134,-0.047451422134609844,4.529599761630943,4.817935285239835,6.029007385886365,-0.06290963724530732,-0.2034945927728873,0.507627719962157,8456
DXCM,1Year,5Min,0.01,1.5,10,7.318287018663476,-0.047451422134609844,5.0045373426277155,5.438833526147405,7.332635720436734,-0.061215266444378136,-0.21470748542186485,0.50762617042577,8490
DXCM,1Year,5Min,0.01,1.5,20,6.156916669457589,-0.047451422134609844,4.694822732666558,4.921967446742252,6.188410163134179,-0.13435937530389594,-0.20224671213638437,0.5062594840667678,7908
DXCM,1Year,5Min,0.01,1.5,30,6.270335259585671,-0.047451422134609844,4.779049889555355,4.929443181684707,6.288881125303978,-0.07912145149630688,-0.19665172017991334,0.5064745335015606,7529
DXCM,1Year,5Min,0.01,2.0,10,6.1308619926255234,-0.047451422134609844,4.822686676167758,5.043604167754905,6.141719303837057,-0.04632009286876645,-0.21507631201930888,0.5065401384970505,7798
DXCM,1Year,5Min,0.01,2.0,20,4.58757081718358,-0.047451422134609844,4.277224382761312,4.218369466724485,4.601417421359549,-0.05907318845817368,-0.2012320133116894,0.5043996593812092,7046
DXCM,1Year,5Min,0.01,2.0,30,4.740154885876224,-0.047451422134609844,4.375265022123715,4.170803977847152,4.760750328619621,-0.08786547626396903,-0.20611031452731524,0.5052761303242702,6491
DXCM,1Year,5Min,0.1,1.0,10,1.910387038235481,-0.047451422134609844,2.4649285646155836,2.8239801265378706,1.8991415679289603,0.047976079786464794,-0.20531316657622894,0.5026151424363987,9846
DXCM,1Year,5Min,0.1,1.0,20,2.0230282260477064,-0.047451422134609844,2.5469273291832564,2.893939070053795,2.025557595162335,-0.010790941698763332,-0.19124768985543536,0.5019949220166848,9649
DXCM,1Year,5Min,0.1,1.0,30,2.1204465583570795,-0.047451422134609844,2.6141114969822,2.9320349190050496,2.124782404462531,-0.018497838954443072,-0.1919331054208938,0.5032152646004638,9486
DXCM,1Year,5Min,0.1,1.5,10,1.5157981026083607,-0.047451422134609844,2.181480961537262,2.4438529854100906,1.5115655522125304,0.018057152787362307,-0.21402255870556228,0.5013150973172015,9505
DXCM,1Year,5Min,0.1,1.5,20,1.4991556317724566,-0.047451422134609844,2.178940787456024,2.395267720052869,1.49751856253346,0.006984160047137248,-0.23971933914091806,0.5018221376121839,9192
DXCM,1Year,5Min,0.1,1.5,30,1.5249511951634735,-0.047451422134609844,2.2085800857363584,2.3904152067846334,1.5271126272573217,-0.009221227370753416,-0.2455620854823993,0.5014057579847053,8892
DXCM,1Year,5Min,0.1,2.0,10,1.432031267909967,-0.047451422134609844,2.1386320416943634,2.3439781204132455,1.430999542957554,0.004401605027221176,-0.21383219019485372,0.5015613871692325,9126
DXCM,1Year,5Min,0.1,2.0,20,1.1604680547815915,-0.047451422134609844,1.891853192059332,2.010169980628365,1.162479095444148,-0.008579618695421756,-0.23610903626160964,0.5011534025374856,8670
DXCM,1Year,5Min,0.1,2.0,30,1.1444571524662952,-0.047451422134609844,1.8802505203055708,1.9706051108822527,1.1488675976899214,-0.01881609805326045,-0.23558319949204518,0.5006835066864784,8412
DXCM,1Year,15Min,0.001,1.0,10,5.800619324112936,-0.047451422134609844,4.603957092318737,4.914233935503321,5.83387523477478,-0.12864441213920733,-0.26452333006593454,0.5279402209226771,3078
DXCM,1Year,15Min,0.001,1.0,20,6.197646075436823,-0.047451422134609844,4.825706637337173,5.036561748172321,6.220655085641236,-0.0890061505682335,-0.23453072627220828,0.52718634524019,2841
DXCM,1Year,15Min,0.001,1.0,30,5.147542186345659,-0.047451422134609844,4.54333579780354,4.572816734250961,5.166648915062532,-0.0739108878622747,-0.20812149587909246,0.5266604303086997,2672
DXCM,1Year,15Min,0.001,1.5,10,4.931832875124782,-0.047451422134609844,4.3643118491794946,4.138603327548996,4.971302864473342,-0.15268243977790125,-0.2683607593602204,0.5303689687795649,2642
DXCM,1Year,15Min,0.001,1.5,20,5.187295359263046,-0.047451422134609844,4.604504189474634,4.177359258510741,5.196164125763051,-0.0343072022412581,-0.18052916040339195,0.5299657534246576,2336
DXCM,1Year,15Min,0.001,1.5,30,4.526966307546241,-0.047451422134609844,4.575915428673485,4.179782725865982,4.5295086715543444,-0.009834670491873622,-0.19078301654389804,0.5289592760180996,2210
DXCM,1Year,15Min,0.001,2.0,10,4.363269466957712,-0.047451422134609844,4.484043171146438,4.026111863388805,4.391412384763461,-0.10886573378838237,-0.22249965284188955,0.5319578380802871,2229
DXCM,1Year,15Min,0.001,2.0,20,3.7410967401771877,-0.047451422134609844,4.265435028034285,3.5674433000410986,3.75040249079845,-0.03599759544579,-0.1711033538486259,0.5295183842568617,1931
DXCM,1Year,15Min,0.001,2.0,30,2.681866006218435,-0.047451422134609844,3.7835407872825524,2.964426066250403,2.69039621067862,-0.03299753686994444,-0.16093540641642112,0.5269650028686174,1743
DXCM,1Year,15Min,0.01,1.0,10,2.410430480384776,-0.047451422134609844,2.8428907283338174,3.182831331176325,2.427430937013717,-0.06576315925810725,-0.2184672106912159,0.5177405620210048,3523
DXCM,1Year,15Min,0.01,1.0,20,2.2477765561888203,-0.047451422134609844,2.757482020931815,3.04373609089058,2.2518979646763695,-0.015942915455164717,-0.19751432471073196,0.5171955719557195,3387
DXCM,1Year,15Min,0.01,1.0,30,1.9883396265693496,-0.047451422134609844,2.592413843551669,2.8064234637302032,1.9922135194610429,-0.014985446611567853,-0.19751432471073235,0.5169736641802405,3284
DXCM,1Year,15Min,0.01,1.5,10,2.451752421206763,-0.047451422134609844,2.927295841114188,3.1716395948360967,2.4560073900217088,-0.016459569170581983,-0.19751432471073208,0.5196466646360036,3283
DXCM,1Year,15Min,0.01,1.5,20,1.8818199658860264,-0.047451422134609844,2.5508054966803613,2.6889396731689295,1.8944444158006506,-0.04883537709617018,-0.20209121544136105,0.5161238310222509,3101
DXCM,1Year,15Min,0.01,1.5,30,1.8294906179712163,-0.047451422134609844,2.5919624263483487,2.7379899822785716,1.8305583307564002,-0.004130251761263674,-0.20343391416651668,0.5157540016849199,2967
DXCM,1Year,15Min,0.01,2.0,10,1.8218895939498005,-0.047451422134609844,2.5406432827638126,2.6258797145728012,1.817355291219357,0.01754012136821122,-0.19751432471073274,0.5159741764608509,3020
DXCM,1Year,15Min,0.01,2.0,20,1.5220037698387792,-0.047451422134609844,2.3442960497978977,2.2882695260553794,1.5214913146697187,0.0019823391589487774,-0.21932900454155996,0.5178764897074756,2769
DXCM,1Year,15Min,0.01,2.0,30,1.163694827726868,-0.047451422134609844,2.0504270028141813,2.0053089524208634,1.156935990862935,0.026145325080604166,-0.20113204935721937,0.5146243548078762,2615
DXCM,1Year,15Min,0.1,1.0,10,0.47491889428891887,-0.047451422134609844,1.035901636804679,1.2154850918803266,0.4092107246486837,0.25418004462616933,-0.27106229486120326,0.49980333027402646,3813
DXCM,1Year,15Min,0.1,1.0,20,0.3687604799044786,-0.047451422134609844,0.8852787011877625,1.0300720483055252,0.30151945158218524,0.2601096282737492,-0.2554966638333704,0.49746260683760685,3744
DXCM,1Year,15Min,0.1,1.0,30,0.4387428271104261,-0.047451422134609844,0.9889052033380549,1.1460752962362901,0.36979283761964066,0.26672043220345926,-0.2785432649227034,0.4983060035235127,3689
DXCM,1Year,15Min,0.1,1.5,10,0.3223459724326114,-0.047451422134609844,0.8209958305184286,0.9370588668458948,0.2544039957465316,0.2628211189051789,-0.26173698967070946,0.4993224932249323,3690
DXCM,1Year,15Min,0.1,1.5,20,0.3398567295514465,-0.047451422134609844,0.8503521027416937,0.9609285965031108,0.271465719529757,0.26455812229317194,-0.26948343897701327,0.4983249581239531,3582
DXCM,1Year,15Min,0.1,1.5,30,0.20233098791098625,-0.047451422134609844,0.6250402266224077,0.6958258477679105,0.13248596208890823,0.27018271666330024,-0.264324535751715,0.49735222556175757,3493
DXCM,1Year,15Min,0.1,2.0,10,0.33748198096100435,-0.047451422134609844,0.8487831291499258,0.9492335539836875,0.2603858653661538,0.29823223215160116,-0.2655578937133556,0.5000704523037903,3548
DXCM,1Year,15Min,0.1,2.0,20,0.3349234095864979,-0.047451422134609844,0.8506153788979834,0.9270640481706527,0.2618992919420409,0.2824804523285497,-0.2654934140855727,0.4991857883049593,3377
DXCM,1Year,15Min,0.1,2.0,30,0.12172261412373797,-0.047451422134609844,0.4801515537562006,0.5138994647862976,0.054704505040017434,0.25924730594277123,-0.28945997036996274,0.4979405034324943,3277
DXCM,1Year,30Min,0.001,1.0,10,2.45188645587973,-0.047451422134609844,3.1619159039471074,3.2860066874617893,2.44647291362576,0.04448523892282837,-0.225448213173134,0.52723125178215,1753
DXCM,1Year,30Min,0.001,1.0,20,2.1826693145761547,-0.047451422134609844,3.047103783359764,3.1499624808712925,2.17497886206142,0.0631955199558548,-0.23195652073090622,0.5238095238095238,1659
DXCM,1Year,30Min,0.001,1.0,30,1.7308505713449605,-0.047451422134609844,2.701906041543226,2.725303956504512,1.726895615845833,0.032499448984406876,-0.2297774960139407,0.5202659911336289,1579
DXCM,1Year,30Min,0.001,1.5,10,2.4784097165172074,-0.047451422134609844,3.335675042467133,3.356290374150291,2.466783327014239,0.09553868624006426,-0.19402200471980705,0.5261134251842359,1560
DXCM,1Year,30Min,0.001,1.5,20,1.6927354897378835,-0.047451422134609844,2.7646267713845125,2.630625784954433,1.6829955765586633,0.0800367568106526,-0.17690271900268217,0.5221830985915493,1420
DXCM,1Year,30Min,0.001,1.5,30,1.370085146164254,-0.047451422134609844,2.4804745115244597,2.2588810996468753,1.3624624654416204,0.06263861207144052,-0.18881743948056873,0.5213803450862715,1333
DXCM,1Year,30Min,0.001,2.0,10,2.126659674582531,-0.047451422134609844,3.2285805990763303,2.9217328839376213,2.117314573453572,0.07679242850184527,-0.1504144629327646,0.5281772250291489,1286
DXCM,1Year,30Min,0.001,2.0,20,1.0384475255246715,-0.047451422134609844,2.182892217464395,1.8452541673570644,1.029472570030126,0.07375079398406838,-0.1779580912168883,0.5168393782383419,1158
DXCM,1Year,30Min,0.001,2.0,30,0.6951245130697132,-0.047451422134609844,1.6790773948717586,1.3559070281183037,0.6841429602502224,0.09023980565782644,-0.195689866128906,0.5151098901098901,1092
DXCM,1Year,30Min,0.01,1.0,10,0.6584947091916371,-0.047451422134609844,1.3248898910278832,1.5222779598983285,0.6326395143409208,0.21246246290714088,-0.20245264735718752,0.5065190651906519,2032
DXCM,1Year,30Min,0.01,1.0,20,0.6776840960875374,-0.047451422134609844,1.3605262327087901,1.537997786363296,0.6499186233156315,0.22815997956932238,-0.23866955134111806,0.5062515947945905,1959
DXCM,1Year,30Min,0.01,1.0,30,0.6992259238414895,-0.047451422134609844,1.3947499637053862,1.5520842154153291,0.6704020435452247,0.2368573369353412,-0.2208105081923754,0.5072197427146232,1904
DXCM,1Year,30Min,0.01,1.5,10,0.7668034857837147,-0.047451422134609844,1.4942223036195552,1.67692596371751,0.7416326462510846,0.20683884192018936,-0.202916037910567,0.5064085796494899,1911
DXCM,1Year,30Min,0.01,1.5,20,0.5153918632497303,-0.047451422134609844,1.1671287425287906,1.2713446829605672,0.48538046554676584,0.24661564177231007,-0.2500750219075781,0.5054466230936819,1836
DXCM,1Year,30Min,0.01,1.5,30,0.4601649404143937,-0.047451422134609844,1.0848370230094266,1.1526018379501801,0.42906301794549007,0.25557691934033616,-0.248476353071038,0.5034782608695653,1725
DXCM,1Year,30Min,0.01,2.0,10,0.46614869628795375,-0.047451422134609844,1.0913492702381373,1.1743172238330188,0.4418682147273791,0.19952241484608976,-0.21864133598074992,0.5056433408577878,1772
DXCM,1Year,30Min,0.01,2.0,20,0.16215127024383325,-0.047451422134609844,0.5671961018988804,0.5804813537000707,0.13461176308381814,0.22630312988353046,-0.3112493913200895,0.500908540278619,1651
DXCM,1Year,30Min,0.01,2.0,30,0.06744325853379007,-0.047451422134609844,0.3658705167880322,0.3642932928601102,0.03762294374881435,0.24504543711480212,-0.31354149790197683,0.49729040484539366,1568
DXCM,1Year,30Min,0.1,1.0,10,0.2777751277845173,-0.047451422134609844,0.7550404075893089,0.8893822763107261,0.2508812965994557,0.2209973525080105,-0.24531347799579478,0.5015077708188356,2155
DXCM,1Year,30Min,0.1,1.0,20,0.19055816629387023,-0.047451422134609844,0.6067412587592383,0.7123666414425188,0.16276696119585324,0.2283714323707208,-0.2762134250580924,0.49941190308162786,2125
DXCM,1Year,30Min,0.1,1.0,30,0.09030207662148926,-0.047451422134609844,0.4189172029177504,0.487178306619633,0.06489553404958899,0.20877570793598174,-0.28383201217820725,0.4984483170207687,2094
DXCM,1Year,30Min,0.1,1.5,10,0.26464359215628885,-0.047451422134609844,0.736918131663668,0.8596712842539176,0.23822274945053615,0.21711061725728445,-0.2508452374327454,0.4993988939648954,2079
DXCM,1Year,30Min,0.1,1.5,20,0.20902538166364137,-0.047451422134609844,0.6458848258494325,0.7655248163394038,0.1820045386110516,0.22204105975327712,-0.24781288539009283,0.49715698393077873,2022
DXCM,1Year,30Min,0.1,1.5,30,0.059844422556764254,-0.047451422134609844,0.35350080011389756,0.40982173249824533,0.032449498793124365,0.22511503036748648,-0.23374533458465063,0.49795918367346936,1960
DXCM,1Year,30Min,0.1,2.0,10,0.303853637713525,-0.047451422134609844,0.8054909575805516,0.9249541417652173,0.27678844122045154,0.2224055296889315,-0.24605811266560912,0.5004962779156328,2015
DXCM,1Year,30Min,0.1,2.0,20,0.21949101810879035,-0.047451422134609844,0.6695544680962395,0.7757586779642149,0.19221358770729166,0.2241495404827693,-0.23374533458464833,0.49591352491431584,1896
DXCM,1Year,30Min,0.1,2.0,30,0.07434418147826505,-0.047451422134609844,0.3821835733674464,0.43093577592588433,0.04612081463755874,0.23192267802004424,-0.254271316300004,0.49322643074371025,1808
DXCM,1Year,60Min,0.001,1.0,10,0.9178730027454305,-0.047451422134609844,1.8172642213388155,2.084119930669887,0.9007817370480441,0.1391159221216117,-0.1631094255297233,0.5182166826462129,1043
DXCM,1Year,60Min,0.001,1.0,20,0.8369037388732892,-0.047451422134609844,1.7301479708390215,1.9158490750570791,0.8225618342659086,0.11673724578168851,-0.16310942552972305,0.5177664974619289,985
DXCM,1Year,60Min,0.001,1.0,30,0.7056034755696221,-0.047451422134609844,1.561110899281994,1.6739293020025183,0.6888590946291137,0.13629242188017565,-0.1631094255297227,0.5150375939849624,931
DXCM,1Year,60Min,0.001,1.5,10,0.7804050540044207,-0.047451422134609844,1.6867237957682073,1.8015720603000627,0.7591165742464386,0.17327953028966214,-0.17690547708559845,0.5194805194805194,924
DXCM,1Year,60Min,0.001,1.5,20,0.5896553763689234,-0.047451422134609844,1.418021557414392,1.4303413962075056,0.5628997676655269,0.2177797269436404,-0.18211619750476657,0.5152057245080501,838
DXCM,1Year,60Min,0.001,1.5,30,0.3192535521917015,-0.047451422134609844,0.9400706555139777,0.913798207507331,0.29184883723514776,0.22306318672723457,-0.18748988021189622,0.5120101137800253,791
DXCM,1Year,60Min,0.001,2.0,10,0.29083758620289824,-0.047451422134609844,0.8825189983684038,0.8541046061659556,0.27335165085557234,0.14232837187558967,-0.22422962993186896,0.5039113428943938,767
DXCM,1Year,60Min,0.001,2.0,20,0.4410908491613559,-0.047451422134609844,1.21431239012885,1.1051995698989527,0.4165411695026183,0.19982436549668187,-0.19421356716506888,0.5139296187683284,682
DXCM,1Year,60Min,0.001,2.0,30,0.2621051772712295,-0.047451422134609844,0.8523315803462047,0.7067512578830993,0.24084857746711152,0.17302004048606776,-0.21964000589883415,0.5120689655172413,580
DXCM,1Year,60Min,0.01,1.0,10,0.15300254364882515,-0.047451422134609844,0.5409009423645535,0.6135938647124057,0.10213548497101396,0.41403708179786486,-0.2543794911937101,0.49829787234042555,1175
DXCM,1Year,60Min,0.01,1.0,20,-0.000567690642884866,-0.047451422134609844,0.2267947197041604,0.2504653266110431,-0.05247346703993981,0.42249181978480926,-0.314658690430774,0.4982471516213848,1141
DXCM,1Year,60Min,0.01,1.0,30,0.0034482702737588244,-0.047451422134609844,0.23394081871316263,0.254099089947729,-0.04849719901993202,0.4228149037514944,-0.3318670533051342,0.49796472184531887,1105
DXCM,1Year,60Min,0.01,1.5,10,-0.02665430194789109,-0.047451422134609844,0.16667554413038022,0.18211405931257757,-0.08060508119728538,0.4391373077540249,-0.2904280595173221,0.49571106094808126,1107
DXCM,1Year,60Min,0.01,1.5,20,-0.06427560096450569,-0.047451422134609844,0.07347270495704304,0.07774214940876796,-0.11528137961115179,0.41516620568622037,-0.3239523307518789,0.4944791166586654,1041
DXCM,1Year,60Min,0.01,1.5,30,0.01791613991035157,-0.047451422134609844,0.2601836126832302,0.2693252710815754,-0.03241076488313092,0.40964044979667563,-0.28801033456014563,0.49624436654982473,998
DXCM,1Year,60Min,0.01,2.0,10,0.06506185761393124,-0.047451422134609844,0.3629756929881686,0.38769879963722104,0.015278022182681532,0.40522008699612766,-0.25996073226164434,0.49186791522917694,1014
DXCM,1Year,60Min,0.01,2.0,20,0.010546567902576687,-0.047451422134609844,0.23851517354559817,0.2431427158017629,-0.03793618208039773,0.3946297828547845,-0.28863957159384956,0.4935965848452508,937
DXCM,1Year,60Min,0.01,2.0,30,-0.10327660926163207,-0.047451422134609844,-0.045969987995001474,-0.0443987367569166,-0.1496022279255394,0.37707161496349056,-0.27128978283888394,0.48930180180180183,888
DXCM,1Year,60Min,0.1,1.0,10,-0.0738917794711853,-0.047451422134609844,0.06238294673034775,0.07315319859829504,-0.12150339151733783,0.3875390758514625,-0.3012418449276247,0.49919028340080973,1235
DXCM,1Year,60Min,0.1,1.0,20,-0.027927158630358218,-0.047451422134609844,0.16571009662640862,0.19079957240423595,-0.07515971238624886,0.3844536961890489,-0.28031962802811483,0.5020781379883624,1203
DXCM,1Year,60Min,0.1,1.0,30,0.04234016010113795,-0.047451422134609844,0.31815516121688,0.3643838638062816,-0.005524178745462439,0.3895961687848738,-0.2864371877464132,0.5027414592998735,1185
DXCM,1Year,60Min,0.1,1.5,10,0.09209466989740167,-0.047451422134609844,0.4190758980045521,0.5346815729300106,0.04159523317627877,0.4110447892197522,-0.24942027280734438,0.4970881863560732,1202
DXCM,1Year,60Min,0.1,1.5,20,0.11325457096512426,-0.047451422134609844,0.46376870219303357,0.5772946382847916,0.062471374421440365,0.413354478278221,-0.24563810741537184,0.4997834560415764,1154
DXCM,1Year,60Min,0.1,1.5,30,-0.03444937806090309,-0.047451422134609844,0.1265624332850983,0.1530172148883337,-0.08512781714923719,0.41250179537818693,-0.24003393228836728,0.498220640569395,1124
DXCM,1Year,60Min,0.1,2.0,10,0.007846400460484126,-0.047451422134609844,0.23123589821151108,0.2884031314852164,-0.04373461793087506,0.41984842226067803,-0.24563810741537173,0.496551724137931,1160
DXCM,1Year,60Min,0.1,2.0,20,-0.027322572847443105,-0.047451422134609844,0.14014215898786866,0.16688286910222744,-0.08141062227400132,0.4402546309303229,-0.24735714327787275,0.49658002735978113,1096
DXCM,1Year,60Min,0.1,2.0,30,0.02010968571659877,-0.047451422134609844,0.2524922863232945,0.29519886593931716,-0.03279957125497967,0.4306597418057809,-0.236493032081654,0.4981078524124882,1057
